CGPA,12th_Marks,Attendance,Projects,Placement
8.2,51.25,98,1,0
6.38,61.16,88,0,0
8.68,83.83,74,4,1
9.46,54.35,67,2,0
7.11,51.49,80,3,0
6.09,75.27,98,2,0
5.13,59.94,78,2,0
8.25,77.25,82,0,1
6.1,79.46,70,2,0
9.05,50.32,70,4,0
9.03,84.91,83,2,1
6.7,57.77,95,0,0
9.79,66.83,99,4,1
5.46,54.84,83,1,0
9.24,80.19,62,2,1
9.04,86.49,81,0,1
7.68,98.66,61,1,1
6.89,77.6,83,1,0
9.15,80.93,89,3,1
9.31,78.87,97,4,1
8.52,52.29,61,2,0
6.14,64.47,80,0,0
5.4,61.64,92,3,0
5.51,63.9,71,4,0
8.18,68.24,81,3,1
6.85,60.48,84,4,0
6.33,96.83,86,4,1
8.24,80.46,87,2,1
5.86,86.46,75,4,0
5.82,68.97,74,3,0
9.95,82.0,62,4,1
7.78,84.23,96,2,1
9.21,88.8,66,2,1
6.15,51.61,80,3,0
6.58,63.39,68,1,0
6.05,97.15,98,1,1
9.38,65.73,77,4,1
8.28,69.78,63,0,1
9.57,72.94,84,4,1
6.32,62.33,73,3,0
7.81,63.14,68,3,0
7.92,94.89,85,3,1
7.0,60.97,61,3,0
9.99,75.48,79,3,1
5.45,52.36,87,2,0
5.55,81.37,66,1,0
8.96,71.11,67,3,1
5.32,69.08,94,0,0
9.98,76.46,73,0,1
9.86,93.04,76,0,1
5.06,86.04,95,0,0
8.41,76.85,99,2,1
6.33,82.05,63,0,0
5.56,71.74,61,3,0
7.27,97.69,65,4,1
9.38,63.17,63,0,1
7.5,58.93,88,2,0
9.56,93.53,77,2,1
6.49,81.95,85,0,0
8.04,57.64,93,4,0
8.81,76.97,69,0,1
8.89,76.52,95,2,1
5.0,66.21,73,1,0
5.1,96.45,90,3,0
9.39,91.58,74,2,1
6.54,52.9,67,0,0
9.39,97.35,73,3,1
5.43,74.3,82,0,0
5.35,88.03,99,0,0
8.83,56.42,80,1,0
7.38,77.49,75,3,1
6.33,93.62,77,3,1
7.12,60.59,83,1,0
7.7,86.5,85,2,1
6.01,65.59,84,0,0
9.98,82.49,100,4,1
7.19,75.88,88,0,0
5.61,61.23,74,0,0
6.69,79.42,60,2,0
6.15,61.01,84,0,0
5.35,81.56,66,1,0
6.14,95.27,68,1,1
9.3,53.54,83,3,0
6.19,83.45,60,4,0
6.07,56.62,67,0,0
9.68,78.55,83,0,1
7.36,89.23,70,2,1
9.04,59.52,76,1,0
5.48,71.55,67,4,0
7.12,73.35,94,3,0
8.65,83.67,94,1,1
9.92,54.92,92,3,1
7.01,66.97,64,2,0
9.31,62.43,98,2,1
5.95,72.43,100,0,0
7.11,63.93,87,4,0
6.25,96.16,66,3,1
7.22,93.07,68,1,1
7.75,52.53,67,2,0
10.0,91.8,71,0,1
