CGPA,12th_Marks,Placement
8.2,51.25,0
6.38,61.16,0
8.68,83.83,1
9.46,54.35,0
7.11,51.49,0
6.09,75.27,0
5.13,59.94,0
8.25,77.25,1
6.1,79.46,0
9.05,50.32,0
9.03,84.91,1
6.7,57.77,0
9.79,66.83,1
5.46,54.84,0
9.24,80.19,1
9.04,86.49,1
7.68,98.66,1
6.89,77.6,0
9.15,80.93,1
9.31,78.87,1
8.52,52.29,0
6.14,64.47,0
5.4,61.64,0
5.51,63.9,0
8.18,68.24,1
6.85,60.48,0
6.33,96.83,1
8.24,80.46,1
5.86,86.46,0
5.82,68.97,0
9.95,82.0,1
7.78,84.23,1
9.21,88.8,1
6.15,51.61,0
6.58,63.39,0
6.05,97.15,1
9.38,65.73,1
8.28,69.78,1
9.57,72.94,1
6.32,62.33,0
7.81,63.14,0
7.92,94.89,1
7.0,60.97,0
9.99,75.48,1
5.45,52.36,0
5.55,81.37,0
8.96,71.11,1
5.32,69.08,0
9.98,76.46,1
9.86,93.04,1
5.06,86.04,0
8.41,76.85,1
6.33,82.05,0
5.56,71.74,0
7.27,97.69,1
9.38,63.17,1
7.5,58.93,0
9.56,93.53,1
6.49,81.95,0
8.04,57.64,0
8.81,76.97,1
8.89,76.52,1
5.0,66.21,0
5.1,96.45,0
9.39,91.58,1
6.54,52.9,0
9.39,97.35,1
5.43,74.3,0
5.35,88.03,0
8.83,56.42,0
7.38,77.49,1
6.33,93.62,1
7.12,60.59,0
7.7,86.5,1
6.01,65.59,0
9.98,82.49,1
7.19,75.88,0
5.61,61.23,0
6.69,79.42,0
6.15,61.01,0
5.35,81.56,0
6.14,95.27,1
9.3,53.54,0
6.19,83.45,0
6.07,56.62,0
9.68,78.55,1
7.36,89.23,1
9.04,59.52,0
5.48,71.55,0
7.12,73.35,0
8.65,83.67,1
9.92,54.92,1
7.01,66.97,0
9.31,62.43,1
5.95,72.43,0
7.11,63.93,0
6.25,96.16,1
7.22,93.07,1
7.75,52.53,0
10.0,91.8,1
